Customer ID,Company Name,Street Address,City,State,Postal Code
A158621,Tampcan,9500 Cleveland Ave. ,Winter Garden,FL,34787
A152921,Petal Sports,4 Manor Station Rd. ,Hammonton,NJ,08037
A170221,Duotantech,9739 Redwood Avenue ,Boca Raton,FL,33428
A152721,Labyrinth Security,7667 Pheasant Dr. ,Nicholasville,KY,40356
A148021,Capsule Corporation,7756 Shirley Avenue ,Coram,NY,11727
A137721,Omnideo,7426 South Plumb Branch Ave. ,Fort Wayne,IN,46804
A139921,Silvertaxon,272 Big Rock Cove St. ,Northville,MI,48167
A122621,Hatlab,878 S. Devonshire Ave. ,Snohomish,WA,98290
A189321,Apocee,519 East Clark Rd. ,Sarasota,FL,34231
A192521,Superosis,8092 Mill Street ,Livonia,MI,48150
A107221,Mattaxon,7078 Lawrence Drive ,Bloomfield,NJ,07003
A125221,Felity,10 Golden Star Avenue ,Newport News,VA,23601
A119421,Unoflex,9987 West Miles Road ,Windermere,FL,34786
A167921,Damfinlux,8760 Rockville Road ,Vernon Hills,IL,60061
A135421,Lanezone,9553 Oakwood Lane ,North Royalton,OH,44133
A195021,Grooveflex,8345 Tailwater Dr. ,Long Branch,NJ,07740
A155621,Kinplex,299 Fremont Street ,Saint Cloud,MN,56301
A187221,Quark Industries,9409 Pennsylvania St. ,Cincinnati,OH,45211
A169421,Greensearch,24 Anderson Dr. ,South Richmond Hill,NY,11419
A101221,Hotvialab,69 Evergreen Dr. ,Whitestone,NY,11357
A110921,Apexman,66 Highland St. ,Waukesha,WI,53186
A142221,Misend,8972 Homewood Lane ,Attleboro,MA,02703
A109421,Summit Foods,42 Race Court ,Champaign,IL,61821
A179621,Spidershine,7107 Old Corona Rd. ,Matthews,NC,28104
A113421,Vertoid,316 East Yukon Lane ,Enfield,CT,06082
A102421,Funlane,8205C East Jockey Hollow St. ,Janesville,WI,53546
A168721,Dynota,743 Valley View Ave. ,Monroe Township,NJ,08831
A121521,Fixway,8222 Penn Street ,Quincy,MA,02169
A109621,Fronter,15 East Corona Street ,Dunedin,FL,34698
A119621,Freakwater,833 Mountainview Ave. ,Sacramento,CA,95820
A113521,Displace International,2 Swanson Drive ,Des Plaines,IL,60016
A153521,Soltinplex,8895 Wilson Dr. ,Harrisonburg,VA,22801
A165321,Freakwheels,42 South Second Ave. ,Somerset,NJ,08873
A120821,Moth Productions,6 Summit Street ,Allison Park,PA,15101
A131421,Aizu,8902 E. Main St. ,Freeport,NY,11520
A185021,Sumgreen,704 Border Street ,Southampton,PA,18966
A184621,High-City,81 NE. Franklin Ave. ,Norwalk,CT,06851
A166521,Hotnimis,69 East Sugar Drive ,Westwood,NJ,07675
A141021,Vinehive,496 Oxford St. ,Princeton,NJ,08540
A199121,Pyronti,2 Del Monte Street ,New Albany,IN,47150
A130621,The Arnco. Group,27 High Ridge Ave. ,Hammonton,NJ,08037
A158321,Multideo,74 Westminster Lane ,North Kingstown,RI,02852
A164621,Herbfruit,121 Lower River St. ,Horn Lake,MS,38637
A168221,Omninyx,7077 Pine St. ,Lansing,MI,48910
A194121,Archill,120 Pacific St. ,Dalton,GA,30721
A159221,Mermaid Navigations,37 Cedarwood Street ,Billerica,MA,01821
A194221,The Wolfbridge Group,49 Lookout Street ,Onalaska,WI,54650
A162321,Scotcore,621 Cypress Street ,Hamden,CT,06514
A141121,Gooddexon,482 S. Union Avenue ,Elk Grove Village,IL,60007
A179021,Dongreen,382 E. Purple Finch Ave. ,Farmington,MI,48331
A155021,Ran-Dox,227 Kirkland Drive ,Goshen,IN,46526
A146021,High Tidustries,771 Snake Hill St. ,Canonsburg,PA,15317
A146221,Ridge Motors,9433 Clay Street ,Euless,TX,76039
A131221,Kanremcone,6 High Point Street ,Ridgecrest,CA,93555
A182021,Mistigen,741 East Plymouth Lane ,Fort Mill,SC,29708
A129421,Antemba,9551 Sherwood Dr. ,Stafford,VA,22554
A130221,Zimcorporation,8 Tailwater Street ,New York,NY,10002
A116521,Intrante,256 Edgefield St. ,Colonial Heights,VA,23834
A157821,Plusstreet,9328 Brandywine Dr. ,Grandville,MI,49418
A190021,Cedise,905 Schoolhouse St. ,Ossining,NY,10562
A144021,Bonill,20 Brook Court ,Elyria,OH,44035
A177821,Red Horse Garage,7788 Ridgewood Lane ,Livonia,MI,48150
A106621,Icefix,9935 Lilac Court ,Bronx,NY,10451
A111321,Jupitelligence,8913 Bridge Rd. ,Endicott,NY,13760
A104921,Inzooin,8359 Brookside Street ,East Meadow,NY,11554
A103421,The Goliath Corporation,7327 Holly Street ,Tuckerton,NJ,08087
A180021,Blacklane,5 West St. ,Battle Creek,MI,49015
A131121,Primetime,91 Briarwood St. ,Nicholasville,KY,40356
A158421,Socimbu,8021 Beaver Ridge Ave. ,Herndon,VA,20170
A158921,The Lanford Lunch Box,8848 Birchwood Ave. ,Nicholasville,KY,40356
A173721,Happytube,7912 Oak Lane ,Glen Cove,NY,11542
A100921,Centitri,5 Ridgeview Lane ,Branford,CT,06405
A124521,Imagine Security,375 Penn Drive ,Erlanger,KY,41018
A194621,Berrysearch,957 West Plymouth Lane ,San Carlos,CA,94070
A172121,Danplanet,2 Glen Ridge St. ,East Haven,CT,06512
A173821,Kramerica Industries,7287 Gregory St. ,Meriden,CT,06450
A109221,Tanyx,899 Carpenter St. ,Burlington,MA,01803
A133121,Crowares,498 E. Sycamore Lane ,Libertyville,IL,60048
A151021,Canfax,52 SE. Fulton Ave. ,New Britain,CT,06051
A141721,Geovee,696 Glen Creek Ave. ,Wakefield,MA,01880
A195821,Caesar Security,20 Vernon St. ,Atlanta,GA,30303
A168921,Electrota,8889 Miles Dr. ,Decatur,GA,30030
A151521,Garity,971 Woodsman Rd. ,Cincinnati,OH,45211
A155821,Greatechnologies,523 Fulton Street ,Los Banos,CA,93635
A197721,Megagen,7196 West Brandywine Dr. ,Newnan,GA,30263
A130921,Doncon,9 Shady Dr. ,North Brunswick,NJ,08902
A115621,Daystrom Data Concepts ,7841 Santa Clara Ave. ,Philadelphia,PA,19111
A124821,Durden Demolition,7479 Fordham Road ,Los Banos,CA,93635
A160121,Digivation Industries,74 La Sierra Street ,Monroeville,PA,15146
A133621,Megalane,129 Edgefield St. ,Ridgewood,NJ,07450
A118421,Canelectronics,252 Andover Dr. ,Piqua,OH,45356
A120621,Sirius Cybernetics Corporation ,4 Pulaski Ave. ,Corpus Christi,TX,78418
A184321,Microta,25 Pierce Ave. ,Aiken,SC,29803
A189221,Nero Corporation,8211 Gartner Avenue ,La Crosse,WI,54601
A122121,Gradiva,7666B Oak Meadow Avenue ,Anchorage,AK,99504
A180821,Inchcone,5 High Ridge Drive ,Lansing,MI,48910
A187821,Kayicious,59 Bohemia Lane ,Olive Branch,MS,38654
A128621,Tri-Optimum Corporation,3 Windfall Lane ,Metairie,LA,70001
A154721,Supize,403 Tallwood Street ,Tullahoma,TN,37388
A139821,Tuliproductions,631 Old Lilac Lane ,Nutley,NJ,07110
A157521,Dieyo,7843 Proctor St. ,Glenview,IL,60025
A108621,Big Red Records,14 SW. Atlantic Circle ,Southaven,MS,38671
A159321,Goto Engineering,4 Creekside Ave. ,Waterford,MI,48329
A115521,World Securities Corporation,7560 Blackburn Ave. ,Chesapeake,VA,23320
A191121,Alphabase,402 Jennings Ave. ,Raeford,NC,28376
A169321,Cervive,3 Overlook Lane ,Clarksburg,WV,26301
A115221,North Star Intelligence,952 Border Street ,Central Islip,NY,11722
A185421,Pixolium,507 E. Arcadia Ave. ,Tucker,GA,30084
A110421,Acegreen,142 Clark Lane ,Fargo,ND,58102
A121721,Dragonwares,69 Glenholme Court ,Upper Darby,PA,19082
A126921,Extensive Enterprises,759 Nichols Drive ,Bartlett,IL,60103
A164821,Plustech,3 San Pablo Avenue ,Olympia,WA,98512
A106921,Seaway Security,874 Mill Pond Ave. ,Bardstown,KY,40004
A176621,Gem Aviation,224 Livingston Rd. ,Roswell,GA,30075
A163221,Silver-Dexon,7359 Bear Hill Ave. ,Midlothian,VA,23112
A135021,Aceshade,83 Purple Finch St. ,Upper Darby,PA,19082
A108921,Jadeo,77 Temple St. ,Grand Island,NE,68801
A187721,Suficious,246 Hall Street ,Holland,MI,49423
A163721,Isombu,262 East Prospect Ave. ,Windsor,CT,06095
A170121,Purple Aviation,953 Snake Hill Ave. ,Peachtree City,GA,30269
A177321,Audive,7728 NE. Griffin St. ,Sarasota,FL,34231
A153721,Czerka Corporation,7116 Shady Ave. ,Oakland,CA,94603
A115021,Amalgamated Motors,9207 Creekside St. ,Desoto,TX,75115
A138621,Unizz,11 West Shirley Court ,Zeeland,MI,49464
A171121,Quotezim,76 Virginia Road ,Oviedo,FL,32765
A138321,Nemopoint,7359 New Ave. ,Catonsville,MD,21228
A110321,Laudive,110 Carpenter Lane ,Avon Lake,OH,44012
A101021,Medcore,9756 Orange St. ,Poughkeepsie,NY,12601
A104621,Tintouch,865 Hillcrest Street,Eastlake,OH,44095
A198321,Radikal Kourier Systems,81 E. Grove Ave. ,San Carlos,CA,94070
A131921,Howfax,37 Logan Lane ,Bowling Green,KY,42101
A189021,Ridgeco,9890 Rockaway Ave. ,Miami Beach,FL,33139
A195221,Air Kentucky,634 Old Big Rock Cove Road ,Sarasota,FL,34231
A174121,Silbiolab,24 Laurel Street ,Willingboro,NJ,08046
A163021,Global Dynamics ,9709 Lake Forest Rd. ,Chesterfield,VA,23832
A185821,Divando,54 Lake Dr. ,Minot,ND,58701
A136921,Goldengreen,7 South Constitution Dr. ,Cookeville,TN,38501
A162921,Paleonix,463 Edgewood St. ,Pasadena,MD,21122
A186021,Microlith,8325 Walt Whitman St. ,Hattiesburg,MS,39401
A133421,Osato Chemicals,469 Smith Store Ave. ,East Meadow,NY,11554
A171621,Singleity,9092 Shadow Brook Street ,Navarre,FL,32566
A126821,Geoquotom,7 George Street ,Apple Valley,CA,92307
A110621,Midnight Technologies,7469 Union St. ,Anoka,MN,55303
A130421,Flux Enterprises,665 Thatcher Lane ,Doylestown,PA,18901
A192121,Acetrans,22 Tower Ave. ,Norwood,MA,02062
A187921,Buck Industries,7239 North Columbia Rd. ,Wadsworth,OH,44281
A117121,Cavernetworks,80 Mountainview St. ,Massillon,OH,44646
A120021,Trestam,42 Littleton Avenue ,Londonderry,NH,03053
A194021,Fairymart,8350 Military St. ,Warminster,PA,18974
A141821,Coradel,59 Cambridge Lane ,Irwin,PA,15642
A103721,Antecee,32 Chestnut Street ,Brockton,MA,02301
A133521,Difible,8197 Clark Ave. ,Franklin Square,NY,11010
A105421,Melon Arts,562 Pierce Lane ,West Warwick,RI,02893
A142721,Pluscore,848 Acacia Ave. ,Cottage Grove,MN,55016
A111921,Phantomedia,93 Birch Hill St. ,Flemington,NJ,08822
A114521,Portill,9301 Heritage Drive ,Los Angeles,CA,90008
A134521,Dragonetworks,9334 Gainsway Dr. ,Havertown,PA,19083
A136821,Daltflex,821 West High Point Ave. ,Caldwell,NJ,07006
A106721,Hot-Plus,89 Greenview Street ,Chatsworth,GA,30705
A173921,Ganzquadway,6 York Lane ,Henrico,VA,23228
A166021,Motionbite,155 Briarwood St. ,Kokomo,IN,46901
A148121,Pumpkinavigation,396 Trusel Street ,Sicklerville,NJ,08081
A169921,Alinix,50 N. Warren Street ,Ballston Spa,NY,12020
A195721,Symity,8942 Woodside Ave. ,Twin Falls,ID,83301
A185521,Fasehouse,45 SE. Shady Street ,Appleton,WI,54911
A145021,Laudend,9486 Sleepy Hollow Drive ,Butte,MT,59701
A188821,Inranity,8856 Buckingham St. ,Rochester,NY,14606
A174621,Trust-Touch,358 Oklahoma Ave. ,Melrose,MA,02176
A171721,Neoveo,86 Devonshire Dr. ,Middleburg,FL,32068
A166821,Goldjob,97 Pineknoll Street ,Sugar Land,TX,77478
A112221,Signal Acoustics,64 East Bay Meadows St. ,New Brunswick,NJ,08901
A144421,Maroon Cartoons,8 8th Ave. ,Absecon,NJ,08205
A153321,Peterson Advertising ,417 Plumb Branch St. ,Downers Grove,IL,60515
A196221,Stronglane,63 Oakland Ave. ,Montgomery,AL,36109
A132821,Animive,8991 Brickyard Ave. ,Langhorne,PA,19047
A134421,Daydreamotors,261 Central St. ,Little Rock,AR,72209
A196421,Blossomworks,4 West Birchpond Ave. ,Canfield,OH,44406
A111421,Transplanet,42 Kent St. ,Bay City,MI,48706
A150621,Overcorporation,448 Surrey St. ,Flushing,NY,11354
A188021,Phystexon,6 Beechwood Drive ,Middleton,WI,53562
A104221,Ventolane,244 N. Newport Ave. ,Sunnyside,NY,11104
A123221,"Pym's Publicity",32 10th St. ,Cumberland,RI,02864
A115121,Zevo Toys,756 South Glenridge St. ,Clearwater,FL,33756
A173321,Hishii Industries,53 Blue Spring St. ,New Hyde Park,NY,11040
A150821,Hotdom,518 S. Brandywine Street ,Fort Myers,FL,33905
A166621,Greenleaf Construction,8489 N. Edgewood Drive ,Dunedin,FL,34698
A182921,Sienar Fleet Systems ,2 Schoolhouse Drive ,Gettysburg,PA,17325
A199721,Venism,424 Princeton Lane ,Chapel Hill,NC,27516
A158521,Domnix,7780 West Saxon Rd. ,Macungie,PA,18062
A147321,Blossom Sports,508 South Union St. ,Passaic,NJ,07055
A113021,Lioness Foods,9501 Tower Rd. ,Merrillville,IN,46410
A121421,Unaholdings,3 Monroe Lane ,Delaware,OH,43015
A132921,Latcane,4 Pennsylvania Road ,Westport,CT,06880
A130321,Honeydustries,9536 College Ave. ,Westlake,OH,44145
A102121,Execuyo,570 Halifax Ave. ,Land O Lakes,FL,34639
A144321,Amphilane,967 Lyme Street ,Powder Springs,GA,30127
A101521,Homondo,98 Parker Rd. ,Longview,TX,75604
A118921,The Hanso Foundation ,91 Shipley Rd. ,Loveland,OH,45140
A133221,Tantech,7115 3rd St. ,Asbury Park,NJ,07712
A162721,Mistilia,760 Cypress Street ,Vicksburg,MS,39180
A114721,Semimbee,7805 Highland Ave. ,Washington,PA,15301
A133921,Genicious,453 Sierra Road ,Paramus,NJ,07652
A112421,Avimbu,6 W. Hudson Lane ,Baldwin,NY,11510
A187421,Shadearts,8908 Orange Avenue ,Saratoga Springs,NY,12866
A119821,Glaciarts,66 53rd Ave. ,Baton Rouge,LA,70806
A167321,Duvee,580 Wayne Court ,Delaware,OH,43015
A174021,Geondo,1 Academy St. ,Lorain,OH,44052
A107121,Esive,8896 Homewood Lane ,Sandusky,OH,44870
A102221,Mazewalk,26 Thorne Street ,Lincoln Park,MI,48146
A199321,Boogalow International,182 Philmont Lane ,Kenosha,WI,53140
A167521,Sinclair Solutions,9374 Ohio St. ,Bluffton,SC,29910
A134021,Zencane,830 Lakewood Street ,Doylestown,PA,18901
A141921,Vertible,327 Prospect Street ,Glenview,IL,60025
A139021,Maricious,8785 Third Street ,Pomona,CA,91768
A197321,Tamlax,697 Dunbar St. ,Commack,NY,11725
A176221,Vapid Motors,85 Meadowbrook St. ,Covington,GA,30014
A176021,Apachetechs,618 West Bayport Street ,Oxford,MS,38655
A156021,Bellose,9064 Union St. ,Stow,OH,44224
A167721,J-Techno,7 W. Court St. ,Bloomfield,NJ,07003
A123921,Squidbeat,9427 Big Rock Cove Ave. ,Shelbyville,TN,37160
A182521,Manucee,759 Sussex Drive ,Gurnee,IL,60031
A155221,Tanstrip,17 Lafayette Lane ,Thibodaux,LA,70301
A174821,Symend,7466 Lakeview Rd. ,King Of Prussia,PA,19406
A166421,Priductions,795 E. Carriage St. ,Natchez,MS,39120
A145121,Astromia,658 Meadow Lane ,Findlay,OH,45840
A196721,Michael Scott Paper Company ,417 Manchester Ave. ,Apex,NC,27502
A144721,Paragon Productions,882 Maiden Avenue ,Rego Park,NY,11374
A183121,Capescent,593 Lower River St. ,Highland Park,IL,60035
A102621,Zummacom,660 Fawn Rd. ,Norwich,CT,06360
A180321,Cymvetica Industries,8828 Grand Ave. ,Titusville,FL,32780
A113921,Apozio,76 Center Dr. ,Bradenton,FL,34203
A116621,Luckytronics,7737 Gonzales Drive ,Ridgewood,NJ,07450
A196821,Blue Sun Corporation,601 University Ave. ,Columbia,MD,21044
A168621,Eurodoo,411 S. Berkshire Lane ,Terre Haute,IN,47802
A124921,Dolent,7763 S. Berkshire St. ,Reidsville,NC,27320
A170021,Core Records,441 Circle Lane ,Valley Stream,NY,11580
A103821,Archoid,2 Silver Spear Street ,Media,PA,19063
A181421,Maxinyx,93 East Gainsway Ave. ,Merrillville,IN,46410
A179821,Tampfix,185 George Lane ,Leesburg,VA,20175
A189921,The Pie Hole,9895 Westport Dr. ,Menasha,WI,54952
A101621,Ventoron,9124 S. Taylor Dr. ,Levittown,NY,11756
A175221,Owlshow,9047 South Atlantic Street ,Batavia,OH,45103
A192721,Duolith,9472 Devon Court ,Merrick,NY,11566
A126021,Cavologies,8357 Bay Meadows Ave. ,Pompano Beach,FL,33060
A197221,Anron,323 Lower River Street ,Johnson City,TN,37601
A193021,Socivu,51 SW. Glen Creek Ave. ,Anoka,MN,55303
A144621,Conible,7766 Beaver Ridge Drive ,Salt Lake City,UT,84119
A135821,Delia,47 Southampton Court ,Spring Hill,FL,34608
A109321,Pacific Courier ,9607 Euclid St. ,Mountain View,CA,94043
A132221,Fjord Foods,40 Lexington Lane ,Lady Lake,FL,32159
A153221,Autova,8549 Anderson Drive ,Newton,NJ,07860
A151121,Goldbooks,245 Rocky River Ave. ,Hopkinsville,KY,42240
A162821,Finend,898 Squaw Creek Court ,Zeeland,MI,49464
A169021,Infralium,319 Cedar Swamp Dr. ,Canonsburg,PA,15317
A100121,Big Apple Bank,77 N. Canterbury St. ,Boynton Beach,FL,33435
A169821,Treslamron,517 Brown Street ,Henderson,KY,42420
A197121,Anity,7196 West Bow Ridge Ave. ,Ronkonkoma,NY,11779
A128421,Signalmobile,3 Birchwood Dr. ,Canonsburg,PA,15317
A130821,Sumtexon,118 Littleton Rd. ,Jeffersonville,IN,47130
A113821,Radiant Records,8869 Forest Dr. ,Fairport,NY,14450
A176921,Contradel,9138 SW. Penn Street ,Westmont,IL,60559
A117221,Cliffmedia,394 Cedar Ave. ,Strongsville,OH,44136
A154221,Avandu,9 Hillcrest Drive ,Manchester,NH,03102
A163421,Marsoftwares,703 Laurel Lane ,Cottage Grove,MN,55016
A160021,Zeus Sports,4 Washington Drive ,Christiansburg,VA,24073
A180521,Outosis,222 Gainsway Street ,Waxhaw,NC,28173
A181721,Imagine Navigations,56 East Ridge Ave. ,Rapid City,SD,57701
A143221,Heart Motors,35 Marlborough Drive ,Chardon,OH,44024
A170821,Tempcane,9668 Hill Field St. ,Menomonee Falls,WI,53051
A155721,Twindu,93 King Avenue ,Saint Paul,MN,55104
A161921,Planetzap,45 N. Rocky River St. ,Bay City,MI,48706
A183421,Lexicore,60 Hill Field St. ,Oxford,MS,38655
A179421,Uberity,295 Gulf St. ,Des Plaines,IL,60016
A107321,Ambizio,79 E. Paris Hill St. ,Wantagh,NY,11793
A174521,Beedlectrics,86 Maiden St. ,North Kingstown,RI,02852
A164921,Corous,36 N. Ramblewood St. ,Haines City,FL,33844
A178121,Donelectronics,65 E. Lakewood St. ,Harrison Township,MI,48045
A187021,Zaamdom,17B Green Hill Lane ,Westport,CT,06880
A188521,Quasinix,503 Charles Dr. ,Saint Charles,IL,60174
A190421,VersaLife Corporation ,837 Valley View St. ,Moorhead,MN,56560
A190521,Golddrill,9385 Locust Lane ,Fremont,OH,43420
A134921,Duoware,8 Green Circle ,Millville,NJ,08332
A115321,Berry Softwares,8079 Beech St. ,Woonsocket,RI,02895
A126721,General Products ,764 Depot Street ,Niles,MI,49120
A185321,Quanti,77 SE. Iroquois Ave. ,Corpus Christi,TX,78418
A130121,The Muppet Theatre,125 Windsor Drive ,Decatur,GA,30030
A178521,Biglatcode,8050 Olive Street ,Southington,CT,06489
A129721,Hookurity,8272 William Dr. ,Evanston,IL,60201
A125621,Zimmad Company,289 W. Santa Clara Road ,Canyon Country,CA,91387
A102021,Cogilia,8864 Fulton Dr. ,Yakima,WA,98908
A184221,Striptaxon,9334 East Forest Street ,Union City,NJ,07087
A188321,Whitelab,72 Campfire Lane ,Oak Forest,IL,60452
A116721,Metaxo,23 Brandywine St. ,Natick,MA,01760
A190921,Protogen,8317 North Fulton St. ,Lutherville Timonium,MD,21093
A187621,Autozio,60 Big Rock Cove Drive ,Franklin Square,NY,11010
A140521,Tanhex,7497 Bedford Street ,Patchogue,NY,11772
A133321,Houndnavigations,8838 W. Strawberry St. ,Pensacola,FL,32503
A155921,Tempestechnologies,7895 Carpenter Court ,Palm Coast,FL,32137
A108221,Silvercane,521 James St. ,Lutherville Timonium,MD,21093
A192221,Exise,7231 Prince Drive ,Goose Creek,SC,29445
A138521,Finjob,9393 Illinois Street ,Annapolis,MD,21401
A194721,McMartin Records,9627 Bohemia Ave. ,Brunswick,GA,31525
A168521,Singlebam,8737 Fremont Ave. ,Scotch Plains,NJ,07076
A176421,Crowshadow,767 Gulf Ave. ,Elk River,MN,55330
A101721,Bigcan,16B Fairway Rd. ,Shakopee,MN,55379
A135121,Apexworth,8339 Creek Dr. ,New Bedford,MA,02740
A144821,Multimia,307 Broad Street ,Yakima,WA,98908
A181221,Trustlax,8766 Queen Avenue ,West Des Moines,IA,50265
A176721,Rootude,88 Swanson Lane ,Middle River,MD,21220
A103221,Geombee,9 Dunbar St. ,Bayside,NY,11361
A167021,Dominicious,409 Belmont Lane ,Glasgow,KY,42141
A149321,Gorillacast,203 Woodsman Street ,Sun Prairie,WI,53590
A111021,Dinocoms,851 Maple St. ,Upland,CA,91784
A129121,Medilium,9954 Prairie Street ,Piqua,OH,45356
A105721,Metropolis Moving,877 East Ridgeview St. ,Kearny,NJ,07032
A110721,Supore,8901 Anderson Ave. ,Jamestown,NY,14701
A181921,Rankquote,74 E. Brickyard Street ,Nampa,ID,83651
A164221,Bamplex,33 Laurel Ave. ,Garden City,NY,11530
A159421,Rhinotainment,245 Broad Avenue ,Piedmont,SC,29673
A109821,Tiger Aviation,9462 Glen Creek Ave. ,Hampton,VA,23666
A114021,Tiger Intelligence,17 West Delaware Lane ,Seymour,IN,47274
A173221,Griffindustries,7711 Country Dr. ,Fairport,NY,14450
A195321,Sunshine Desserts,78 Broad St. ,Huntington,NY,11743
A140421,Santaxon,920 Water St. ,Butler,PA,16001
A195121,Versatran Air Craft Division,76 Pumpkin Hill Street ,Vernon Rockville,CT,06066
A141221,Industrial Automaton,732 Plymouth Street ,Glasgow,KY,42141
A121321,Comend,13 SW. Charles Street ,Fort Worth,TX,76110
A154121,Sanway,38 Cedar Road ,Sunnyside,NY,11104
A195421,Bamfax,14 Purple Finch Court ,Cockeysville,MD,21030
A170321,Hexdozoom,7 Purple Finch Ave. ,Nicholasville,KY,40356
A148421,Motion Sports,9984 Argyle St. ,Vicksburg,MS,39180
A165521,Goodtom,64 Nichols Road ,Camas,WA,98607
A198421,Fundexon,8429 Creek Dr. ,Southaven,MS,38671
A132021,Meade Publications,25 Pacific Drive ,Milledgeville,GA,31061
A194521,Zeonic Company,46 Water Court ,Eau Claire,WI,54701
A106421,Agicy,710 East High Court ,Saint Joseph,MI,49085
A161421,ENCOM International,948 S. County Ave. ,Cranston,RI,02920
A166921,Monopolated Light and Power,674 Poor House Ave. ,Asbury Park,NJ,07712
A193221,Jethive,7354 Pearl Drive ,Lake Jackson,TX,77566
A165921,Bridgelectrics,611 NW. Hillside Ave. ,Millville,NJ,08332
A198821,Viaphase,386 White Road ,Point Pleasant Beach,NJ,08742
A109721,Whitezap,419 Purple Finch Dr. ,Roswell,GA,30075
A154821,Goldenzim,9701 Pleasant St. ,Homestead,FL,33030
A172921,Grizzly Technologies,19 West Pineknoll St. ,Mentor,OH,44060
A140821,Trippleway,560 Wood Ave. ,Newtown,PA,18940
A152321,Vertex Enterprises,745 South Saxton Lane ,Leesburg,VA,20175
A138221,Colill,116 South 2nd Ave. ,Saginaw,MI,48601
A126421,Mathcity,5 West Woodland St. ,Eastlake,OH,44095
A105321,Tampplex,65 Third St. ,Bay Shore,NY,11706
A151821,Greencon,14 53rd St. ,Leland,NC,28451
A185621,Soylent Corporation,260 Del Monte Rd. ,Salem,MA,01970
A147121,Yakinte,118 East Pawnee Dr. ,Chelmsford,MA,01824
A198721,Transworld Consortium,660 Magnolia Drive ,Elizabeth City,NC,27909
A159721,Bluetone,8767 Indian Spring Rd. ,Flemington,NJ,08822
A150021,Calcore,656 Lawrence Avenue ,Coraopolis,PA,15108
A127121,Paleore,156 Trusel Ave. ,Grayslake,IL,60030
A172721,World Company,34 North Tower Drive ,Abingdon,MD,21009
A156921,Forest Acoustics,976 Glenwood Ave. ,Glendale Heights,IL,60139
A144221,Euroxo,259 Bank St. ,Huntington Station,NY,11746
A165621,Cryptodo,541 Ohio Court ,Mebane,NC,27302
A123621,Coracy,24 Woodland St. ,Arvada,CO,80003
A119221,Tammatcare,9613 Bellevue Street ,Hyattsville,MD,20782
A165421,Trioware,717 N. Paris Hill Dr. ,Fairfax,VA,22030
A151721,Vicezio,57 Virginia St. ,Lake In The Hills,IL,60156
A129021,Zenphase,52 Kent Court ,Kalamazoo,MI,49009
A112621,Worldwares,195 University Lane ,Des Moines,IA,50310
A129521,Drillfix,8128 NW. Griffin Road ,Liverpool,NY,13090
A131521,Icenamway,9696 Aspen Dr. ,Westland,MI,48185
A109021,Goldentax,8542 Morris Dr. ,Cary,NC,27511
A127021,Massive Dynamic,7453 High Noon Street ,Southampton,PA,18966
A159621,Eimba,715 William Ave. ,Everett,MA,02149
A128521,Dreammart,888 Taylor St. ,West Chicago,IL,60185
A157421,Equgen,291 West James Drive ,Yorktown,VA,23693
A114421,Caminix,7147 Theatre St. ,Union,NJ,07083
A197021,The Dot Grill,7330 New Lane ,Brockton,MA,02301
A145821,Venend,643 North St Margarets Lane ,Woburn,MA,01801
A117821,Ozerity,86 Pheasant Lane ,Trussville,AL,35173
A143721,Infraveo,72 Ridge Ave. ,Westbury,NY,11590
A153621,Silver Lining Motors,6 Roosevelt Lane ,Sterling,VA,20164
A179721,Colous,87 Manchester Rd. ,Rowlett,TX,75088
A191621,Zathfase,7 Delaware Lane ,Rahway,NJ,07065
A171921,Freetone,1 Smoky Hollow Ave. ,Green Bay,WI,54302
A178921,Trunder,7082 Peninsula Lane ,Pasadena,MD,21122
A186421,Romefeller Foundation,142 Paris Hill Court ,Hope Mills,NC,28348
A111521,Rhyism,343 Wilson Street ,Plattsburgh,NY,12901
A106521,LesterCorp,9209 Surrey Ave. ,Charleston,SC,29406
A141421,Vicecee,8800 Somerset Court ,Battle Ground,WA,98604
A128321,Bionyx,7326 Marconi St. ,Lexington,NC,27292
A105221,Tanzunway,50 East Peg Shop Rd. ,Cumming,GA,30040
A164521,Parable Technologies,30 St Margarets Avenue ,Duarte,CA,91010
A124021,Diadoo,9373 Heather Lane ,Teaneck,NJ,07666
A167221,Sysescent,96 Thomas Drive ,Algonquin,IL,60102
A105821,Fintechi,7350 E. Cherry Hill Lane ,Camden,NJ,08105
A100221,Inch-Zoom,528 Orange Ave. ,Queensbury,NY,12804
A177221,Subent,808 Chapel Rd. ,Kalispell,MT,59901
A106821,Strongtaxon,9887 Livingston Ave. ,Vicksburg,MS,39180
A105521,Ganzcore,81 East Southampton Dr. ,Franklin Square,NY,11010
A118621,Hippodrome,232 Somerset St. ,Canal Winchester,OH,43110
A148321,The Laurel and Hardy Moving Company,7667 Manor Station Drive ,Farmington,MI,48331
A188721,Aurive,8081 Amherst Ave. ,Central Islip,NY,11722
A183621,Treselectrics,69 Glenwood Street ,North Canton,OH,44720
A121121,McCandless Communications Corporation,233 Mammoth St. ,New Haven,CT,06511
A160321,Epimm,81 Rocky River Road ,Brighton,MA,02135
A182421,Microware,974 Kirkland Street ,Montgomery,AL,36109
A137321,Canozeace,83 Old Creekside Dr. ,Park Ridge,IL,60068
A193121,Stormbridge,80 Sunset Street ,Rapid City,SD,57701
A137421,Bilium,33 Bank Ave. ,Egg Harbor Township,NJ,08234
A184821,Spritebar,473 West Sunnyslope Rd. ,Torrington,CT,06790
A122321,Cansolis,166 East Richardson St. ,Pensacola,FL,32503
A171221,Yatude,8006 Bohemia Drive ,Portage,IN,46368
A140721,Midism,8629 E. Hillside St. ,Medford,MA,02155
A122521,Sunshine Technologies,8021 Jefferson St. ,Buford,GA,30518
A199421,Demolane,12 Colonial St. ,Lincoln Park,MI,48146
A186621,Ideodel,7191 New Dr. ,Lake Charles,LA,70605
A134221,Lamgreen,52 E. Rose Dr. ,Winter Springs,FL,32708
A111121,Abazz,36 Linden Lane ,West Deptford,NJ,08096
A166721,Streetlax,103 Joy Ridge Drive ,Goose Creek,SC,29445
A153821,Premose,7822A Sunnyslope Drive ,Davenport,IA,52804
A123721,Cryptic Limited,9438 College Court ,Ringgold,GA,30736
A168821,Auricious,7 George St. ,Zeeland,MI,49464
A142921,Premicious,720 East New Avenue ,Montclair,NJ,07042
A160721,Wareplanet,90 Fieldstone Lane ,Saint Petersburg,FL,33702
A138921,Bellicious,588 Old York St. ,Huntsville,AL,35803
A120321,Monumental Pictures,741 East Market Drive ,Antioch,TN,37013
A105121,Goodplanet,20 W. Pineknoll Street ,Tewksbury,MA,01876
A176821,Federation World Airlines,3 Peninsula Ave. ,Essex,MD,21221
A193421,Hatcom,950 Oakland Court ,Deerfield,IL,60015
A125821,Grottoman,1 Randall Mill Rd. ,Union,NJ,07083
A190621,Ganz-Corporation,700 Sherman Dr. ,Williamsport,PA,17701
A162421,ARCAM Corporation ,7011 North Virginia Street ,Zion,IL,60099
A123321,Whitmore Industries,155 Birchpond St. ,Louisville,KY,40207
A185121,Uberize,262 W. Oxford Ave. ,Gaithersburg,MD,20877
A147921,Fixziming,37 North Ramblewood St. ,Ephrata,PA,17522
A192621,Roundtechi,427 Clay Rd. ,Norristown,PA,19401
A197921,Dragonpoint,73 Laurel Avenue ,Riverside,NJ,08075
A113121,Checkmarks,9588 Alton St. ,Crystal Lake,IL,60014
A139321,Raptor Corporation,3 Glen Creek Ave. ,Avon,IN,46123
A159021,Marism,53 Chapel St. ,Prattville,AL,36067
A135921,Uplink Corporation ,703 South Smoky Hollow Lane ,Irmo,SC,29063
A191321,Quasipe,38 Oakland Lane ,Sylvania,OH,43560
A193321,Scifix,48 Ashley St. ,Braintree,MA,02184
A108021,Falcist,554 Pilgrim St. ,Hamburg,NY,14075
A182621,Octofix,699 York Road ,Bristow,VA,20136
A156321,Deminte,259 James Street ,Huntington,NY,11743
A135221,Fasegreen,49 West Hanover Drive ,Garner,NC,27529
A172321,Vandelay Industries,9400 Hillside Ave. ,Milledgeville,GA,31061
A196021,Econti,9137 Fifth Court ,Ashland,OH,44805
A155521,Eazzy,974 SW. Cleveland Ave. ,Vista,CA,92083
A122921,Sumflex,16 Queen Road ,Arlington Heights,IL,60004
A120921,Solhow,9250 Fieldstone Ave. ,Boca Raton,FL,33428
A115921,Radiant Technologies,7772 2nd Road ,Howell,NJ,07731
A189721,Icecorps,7850 Pawnee Ave. ,Lake Villa,IL,60046
A118221,Vortex Enterprises,8647 Grove Dr. ,Franklin,MA,02038
A199621,Grizzly Networks,66 High Court ,Lexington,NC,27292
A186921,Cogicero,54 Stillwater Drive ,Cookeville,TN,38501
A162221,Feline Intelligence,237 NE. Williams Circle ,Amityville,NY,11701
A172421,Quonamplex,45 Winchester Road ,Key West,FL,33040
A125021,Dentofind,695 Lincoln St. ,Norman,OK,73072
A169621,U-Ware,855 Wagon Ave. ,Seattle,WA,98144
A146421,Zamtrax,7475 Thompson Lane ,Groton,CT,06340
A100021,Scotzoom,70 Bald Hill St. ,Middle Village,NY,11379
A157721,Misfit Corp,8 Franklin Street ,Boston,MA,02127
A148221,Toughtone,9958 Addison Drive ,Ocoee,FL,34761
A168321,Freetechi,41 East St Margarets Ave. ,North Ridgeville,OH,44039
A137821,Accenco,80 N. Woodside Rd. ,Vernon Rockville,CT,06066
A191421,Trade Federation ,7755 Poor House Ave. ,Taylor,MI,48180
A128821,Thunderhive,7875 West Lakeview Avenue ,Piscataway,NJ,08854
A191221,Prescott Pharmaceuticals ,357 Constitution Drive ,Little Rock,AR,72209
A162621,Quotouch,7057 East Vernon St. ,Forest Hills,NY,11375
A196621,"Livingston, Gentry & Mishkin",834 Peachtree St. ,Utica,NY,13501
A158221,Zap-Dox,46 Linda Dr. ,Owensboro,KY,42301
A136321,Tampjob,7901 Harrison Street ,Melrose,MA,02176
A181821,Transil,7809 NW. Canterbury St. ,Des Moines,IA,50310
A195521,Carein,40 Wentworth Street ,Oviedo,FL,32765
A161621,Ideogen,3 Jefferson Drive ,Feasterville Trevose,PA,19053
A140321,Forism,366 Cooper Ave. ,Midland,MI,48640
A112821,Griffinsun,6 Galvin St. ,New Orleans,LA,70115
A180621,Duodo,8554 South Howard Drive ,Huntley,IL,60142
A171521,Divava,45 Devon Street ,North Wales,PA,19454
A196921,Ambimm,991 Pin Oak St. ,Nashville,TN,37205
A184521,Kaiba Corporation,840 Sheffield Drive ,Mechanicsburg,PA,17050
A119121,Yakideo,509 Lees Creek St. ,Sheboygan,WI,53081
A185221,Dominible,543 Central Dr. ,Roswell,GA,30075
A143121,Night Sports,370 Garden Drive ,Endicott,NY,13760
A124221,Diamontronics,984 Mayflower St. ,Burnsville,MN,55337
A172221,Tamdexon,744 Johnson Street ,Rolling Meadows,IL,60008
A103521,Prentiss-McCabe,8233 Albany Dr. ,Dayton,OH,45420
A153421,Sufend,5 North White St. ,Ankeny,IA,50023
A125121,The Dysk Theatre,49 East Parker Drive ,Covington,GA,30014
A108721,Misosis,869 Pleasant Dr. ,North Wales,PA,19454
A128221,Cryoxo,17 S. Marshall Street ,Green Cove Springs,FL,32043
A182121,Globedale,136 Primrose Ave. ,Reynoldsburg,OH,43068
A191521,Monopolated Edison,78 Argyle Rd. ,Rosemount,MN,55068
A162121,Dalttech,8147 Griffin Drive ,Mountain View,CA,94043
A180921,Kaydocan,836 Pleasant Ave. ,Rockaway,NJ,07866
A171421,Redgreen,429 Prince St. ,Sterling,VA,20164
A126221,Fixtouch,8011 E. Center St. ,Malvern,PA,19355
A164021,Dripnix,55 Proctor Ave. ,Toms River,NJ,08753
A114121,Omegabar,508 York Ave. ,Saint Charles,IL,60174
A165221,Laudill,2 Glenridge Street ,Niceville,FL,32578
A118321,Planetfix,9069 West Glendale Ave. ,Wadsworth,OH,44281
A114621,Villagreen,578 Santa Clara Lane ,Laurel,MD,20707
A183021,Lagoonshine,8014 Vernon Court ,Seattle,WA,98144
A192921,Mermaidrover,9346 Alton Drive ,Milton,MA,02186
A172021,San-Fan,274 Corona Court ,Cape Coral,FL,33904
A127321,Rancom,12 Homewood St. ,Belmont,MA,02478
A186521,Dynamba,35 Chestnut Road ,Bardstown,KY,40004
A100821,Epindo,60 Silver Spear Ave. ,Monroe Township,NJ,08831
A127921,Roozio,78 High Point St. ,Macon,GA,31204
A176321,Tempest Lighting,8 Bayberry St. ,Battle Creek,MI,49015
A138821,Quadplex,158 Bowman St. ,Cordova,TN,38016
A153021,Portend,229 El Dorado Ave. ,Duluth,GA,30096
A123121,Epinoodle,9336 Oakwood Ave. ,Trenton,NJ,08610
A166121,Thatherton Fuels,16 Pierce Dr. ,Lake Villa,IL,60046
A193621,Carecone,700 S. Arlington Street ,Glenview,IL,60025
A132121,Triocorporation,498 King Ave. ,Taunton,MA,02780
A152421,Grizzlyking,82 Hall Ave. ,New Brunswick,NJ,08901
A101421,Bad Wolf Corporation,11 Pierce Avenue ,High Point,NC,27265
A135621,Retude,13 West Wellington St. ,Wausau,WI,54401
A129221,Vilastreet,10 Carpenter St. ,Banning,CA,92220
A122221,Technofix,396 Sherman Lane ,New City,NY,10956
A124421,Flexcone,154 Broad Street ,West Chester,PA,19380
A142121,Streetcore,9 W. Meadowbrook Drive ,Moorhead,MN,56560
A101821,Sanin,9304 Lees Creek St. ,Moncks Corner,SC,29461
A151921,Black Mesa Research Facility,8776 Plymouth Avenue ,Crofton,MD,21114
A104721,Brisk Entertainment,214 Valley St. ,Gainesville,VA,20155
A125921,J.W. Wells & Co.,19 Greenrose St. ,Middleburg,FL,32068
A192421,Oceanaid,55 James Dr. ,Rosemount,MN,55068
A138421,Faxdomin,8385 Rockwell Lane ,Huntington Station,NY,11746
A102721,Codetone,8830 Tanglewood Dr. ,Muskogee,OK,74403
A163121,Vine Sports,487 Golf Drive ,Hollis,NY,11423
A176121,Purplehead,7420 S. Thomas Lane ,Mc Lean,VA,22101
A145221,Predeo,106 East Evergreen Lane ,Sandusky,OH,44870
A199021,Techsolotam,7 Division St. ,Crofton,MD,21114
A183521,Dynozio,579 Wayne Street ,Elkhart,IN,46514
A118521,Whirlpool Networks,548 S. Nut Swamp St. ,Blackwood,NJ,08012
A107021,Haylax,464 Columbia Street ,Piqua,OH,45356
A131821,Moonnetworks,4 Baker Dr. ,Bridgeport,CT,06606
A135521,Genent,8332 Old Walnutwood St. ,Delray Beach,FL,33445
A136121,Interend,62 West Liberty St. ,Altoona,PA,16601
A136421,Vilahow,417 Lookout Drive ,Butte,MT,59701
A156821,Surible,9127 Windfall Road ,Joliet,IL,60435
A145521,Atlantic Corporation,53 N. Glenridge Dr. ,Clinton,MD,20735
A148721,Cavetronics,29 Surrey Ave. ,Rockville,MD,20850
A161021,Paradeo,9687 Greenrose Street ,Palos Verdes Peninsula,CA,90274
A171021,Shadow Solutions,8489 North St. ,Powhatan,VA,23139
A183721,Honeytelligence,4 Heather Street ,Crown Point,IN,46307
A104421,Audoid,9324 Chestnut Road ,Lakeville,MN,55044
A174721,Curious Goods,7842 Essex Ave. ,Marshfield,WI,54449
A118121,Dynamic Acoustics,8259 Walnut Drive ,Millville,NJ,08332
A188621,Whitetechnology,710 Campfire St. ,Reston,VA,20191
A100421,Dreamedia,9572 Green Lake St. ,Calhoun,GA,30701
A170421,Runstrip,33 NW. Anderson St. ,Toms River,NJ,08753
A161221,Iceing,8588 Woodland Ave. ,Powder Springs,GA,30127
A164321,Coreland,951 Pheasant Dr. ,Saugus,MA,01906
A161121,Mistindu,8459 Trout Ave. ,Toledo,OH,43612
A173621,Pixy Navigations,343 Sunbeam Ave. ,Redford,MI,48239
A154321,Central Intelligence Corporation,9482 Cedar St. ,Carrollton,GA,30117
A116121,Fortend,89 Lower River Street ,Lynchburg,VA,24502
A152621,Duombee,99 Livingston St. ,Asheville,NC,28803
A142021,Lalium,29 Snake Hill Street ,Royersford,PA,19468
A137121,Moonlit Media,836 Myers Rd. ,Highland Park,IL,60035
A189521,Stark Industries ,9079 Tarkiln Hill St. ,Longwood,FL,32779
A181021,Agindu,95 Border St. ,Irwin,PA,15642
A194821,Zathron,7182 Pawnee Ave. ,Mc Lean,VA,22101
A162021,Groovebam,456 Bow Ridge Circle ,Doylestown,PA,18901
A127821,Megajo,33 South Pineknoll Road ,Winter Haven,FL,33880
A122421,Goldenphase,9 Hillcrest Street ,Tuckerton,NJ,08087
A111221,Canquote,9192 Littleton Ave. ,Lorton,VA,22079
A189621,Voyage Enterprises,39 Adams Drive ,Hudson,NH,03051
A112121,Moveholding,113 Del Monte Street ,Cedar Rapids,IA,52402
A175821,Axis Chemical Co.,93 Lake View Circle ,Alabaster,AL,35007
A125721,Mathtouch,33 Mayfield Lane ,Tonawanda,NY,14150
A136221,Hextone,71 Winchester Lane ,Roy,UT,84067
A170721,The Phone Company,941 Rockwell St. ,Lakewood,NJ,08701
A145921,Sunkayline,56 6th Drive ,Glen Ellyn,IL,60137
A150321,Dwarf Aviation,9756 San Carlos Lane ,Wooster,OH,44691
A195621,Newstreet,475 Brook Street ,Port Richey,FL,34668
A157621,Geocan,15 Cherry Hill Rd. ,Ormond Beach,FL,32174
A155121,Paleodo,955 Van Dyke Dr. ,Marietta,GA,30008
A148921,North Star Motors,56 West Country Club Road ,Jeffersonville,IN,47130
A181321,Amphinix,304 Johnson St. ,Manahawkin,NJ,08050
A149421,PolyStar Pictures,30 North Brown Avenue ,Cottage Grove,MN,55016
A175121,Mohave Oil,903 St Margarets Dr. ,Beckley,WV,25801
A175321,Dragonfire Films,8301 Talbot Dr. ,Elkhart,IN,46514
A156121,Sumill,13 Galvin St. ,Banning,CA,92220
A178221,Paragon Microsystems,97 Dunbar Lane ,Wilmington,MA,01887
A135721,Voyage Technologies,78 North Nichols St. ,Great Falls,MT,59404
A140121,Yewmedia,60 Mountainview Lane ,Lanham,MD,20706
A166221,Summit Navigations,713 Marlborough St. ,Redford,MI,48239
A120221,Gembee,481 Thorne Lane ,Lagrange,GA,30240
A172621,Stimcone,66 East Park Ave. ,Sulphur,LA,70663
A171321,Deon International ,33 Tower Ave. ,De Pere,WI,54115
A121621,Joyzap,62 East Park St. ,Addison,IL,60101
A143321,Ventoity,32 Mayfield Court ,Navarre,FL,32566
A193721,Jayfind,7367 Bridgeton Street ,Lorain,OH,44052
A156521,Aperture Science,549 Manchester Road ,Iowa City,IA,52240
A128021,Perilium,9736 Annadale Dr. ,Lakewood,NJ,08701
A132521,Basefax,5 Arch Street ,Wilmington,MA,01887
A170521,Wacky Products Incorporated,18 Joy Ridge Ave. ,Forest Hills,NY,11375
A188121,Idiombee,34 Piper Lane ,New Rochelle,NY,10801
A123821,Spanjob,859 School St. ,Lady Lake,FL,32159
A100621,Lifoods,829 Ocean Street ,Glendale,AZ,85302
A170621,Happysun,281 Meadow St. ,Hummelstown,PA,17036
A112721,Fairydream,99 Redwood Dr. ,Anderson,SC,29621
A117621,Linecore,37 North Lafayette Street ,Buffalo,NY,14215
A137221,Mermaid Industries,965 New Avenue ,Farmington,MI,48331
A170921,Sonzaway,9887 John St. ,Crofton,MD,21114
A117321,Hextaxon,9392 Hill Field Street ,Lapeer,MI,48446
A186321,Hayway,441 Marsh Drive ,Bridgewater,NJ,08807
A152021,Prondo,53 Hillside Street ,Glenside,PA,19038
A150421,Sprite Entertainment,8958 Charles St. ,San Diego,CA,92111
A192021,Toughdom,838 Arrowhead St. ,Easley,SC,29640
A195921,Angelnite,558 Cedar Swamp St. ,South Bend,IN,46614
A188421,Greenity,8332 North Cactus Drive ,Cleveland,TN,37312
A125421,Dynombu,916 Greenview Lane ,Stockbridge,GA,30281
A114921,Sucosis,888 Marconi St. ,Albany,NY,12203
A198521,Ancestor and Sons Advertising Agency,61 S. High Ridge Rd. ,Rosedale,NY,11422
A134621,Fairview U Move,36 Marsh Street ,Tonawanda,NY,14150
A104521,Volflex,4 East Greenrose St. ,High Point,NC,27265
A179221,Comicious,31 William St. ,Lady Lake,FL,32159
A143821,Sologreen,7826 Depot Court ,Fort Wayne,IN,46804
A190221,Supranti,80 Schoolhouse St. ,North Brunswick,NJ,08902
A125521,Azio,639 York Court ,Maplewood,NJ,07040
A163821,Energy Media,10 Foster Drive ,Saint Augustine,FL,32084
A134121,Sailway,891 Fifth Ave. ,Burnsville,MN,55337
A184121,Tyrell Corporation,7114 Water Rd. ,Selden,NY,11784
A136621,Techistreet,452 Albany Rd. ,North Attleboro,MA,02760
A114321,Microdeo,928 Anderson St. ,Pasadena,MD,21122
A120521,Barnes Wentworth Oil,7879 Spring Court ,Washington,PA,15301
A164421,Planetlane,8836 Sherman Ave. ,Shelton,CT,06484
A178421,Cogipe,699 W. 4th Drive ,Orlando,FL,32806
A110521,Mediaron,49 Railroad Court ,Kent,OH,44240
A197421,Trantech,486 High Ridge Ave. ,Downingtown,PA,19335
A179121,Shadewheels,34 Purple Finch Ave. ,East Orange,NJ,07017
A141521,Calcent,126 Fieldstone St. ,Montclair,NJ,07042
A196521,Nimble Corporation,85 Princess Drive ,Richmond Hill,NY,11418
A152221,Moonlight Arts,72 Valley Drive ,La Vergne,TN,37086
A145321,Vericious,7261 Clay Dr. ,Canandaigua,NY,14424
A173121,Freshcan,18 Ridge St. ,Niles,MI,49120
A104121,The Very Big Corporation,9410 Southampton Lane ,El Dorado,AR,71730
A129321,Citylux,7325 Maple St. ,Niceville,FL,32578
A149221,Champion Systems,317 Hartford Rd. ,Independence,KY,41051
A162521,Umbrella Corporation,339 Liberty Street ,Bay Shore,NY,11706
A185921,Jupiter Solutions,549 Newcastle St. ,Elkton,MD,21921
A106221,Clover Corporation,9917 Brickyard St. ,Muskego,WI,53150
A190321,Keycan,258 Myers St. ,Los Angeles,CA,90008
A136721,Animore,765 Lake View Ave. ,South Bend,IN,46614
A145721,Saturn Brews,6 West Ridge Ave. ,Hendersonville,NC,28792
A139521,Doublecone,74 Newport Street ,Bloomfield,NJ,07003
A154921,Pedoid,7189 Kirkland Ave. ,Fairfax,VA,22030
A114821,Kanfind,9291 SW. High Noon Dr. ,Streamwood,IL,60107
A127221,Spike Coms,8345 Glenholme Dr. ,Londonderry,NH,03053
A160521,Octozio,37 San Carlos Lane ,Littleton,CO,80123
A111821,The Crab Shack,619 Oak Valley Ave. ,Selden,NY,11784
A151221,Slaughterhousing Ltd,179 E. 6th Avenue ,New Rochelle,NY,10801
A189821,Econix,865 Pleasant Street ,Green Bay,WI,54302
A175721,Bonent,9510 Old Morris Drive ,Calumet City,IL,60409
A149521,Hydrodo,334 Tower Street ,Buckeye,AZ,85326
A169121,Tamp-Ace,9828 Thatcher Court ,Phoenix,AZ,85021
A107721,Truetexon,813 Arch Street ,Millville,NJ,08332
A107421,Planetware,312 East High Ridge Drive ,Eugene,OR,97402
A175021,Alligator Sports,83 Edgemont Circle ,Sun Prairie,WI,53590
A199921,Plexlab,44 Foxrun Avenue ,Old Bridge,NJ,08857
A127621,Skyend,261 Lake View St. ,Mobile,AL,36605
A146921,Armacham Technology Corporation,38 Argyle St. ,Green Bay,WI,54302
A147421,Caneplus,778 San Juan Street ,Brainerd,MN,56401
A182321,Auto Plastics,18 Heritage Street ,Onalaska,WI,54650
A106321,Twicero,86 West Olive Ave. ,Ashburn,VA,20147
A176521,Quest Aerospace,9049 La Sierra Street ,Montgomery Village,MD,20886
A100521,Fortity,163 Cherry Hill Road ,West Hempstead,NY,11552
A113721,Biofix,151 Hillside Ave. ,Royersford,PA,19468
A180421,Strongcon,9449 Marconi Circle ,Rocklin,CA,95677
A103021,Blossom Security,3 Poplar Rd. ,Centereach,NY,11720
A147021,Wavebeat,7323 Fairground Court ,Natick,MA,01760
A182721,Sumzoomzim,7710 Berkshire St. ,Gulfport,MS,39503
A110021,Techiplex,533 Westport Lane ,Perth Amboy,NJ,08861
A107821,International Technology Corporation,959 N. Pendergast Street ,Port Orange,FL,32127
A122721,Soldax,8710 Hamilton Ave. ,Ridgefield,CT,06877
A177621,Honeydew Networks,848 Maple St. ,Albany,NY,12203
A163921,Dolist,390 Theatre Court ,Depew,NY,14043
A137921,Waretech,5 Holly St. ,Newport News,VA,23601
A113621,Ocean Acoustics,35 Rock Maple St. ,Irwin,PA,15642
A104821,Dynamic Networks,875 Lincoln Ave. ,Hummelstown,PA,17036
A120421,Leefix,8951 Lafayette Drive ,Milledgeville,GA,31061
A156621,Geoace,739 Courtland Ave. ,Goose Creek,SC,29445
A149621,Contramia,9867 Fairview St. ,Baldwinsville,NY,13027
A119021,Indibase,773 Pheasant St. ,El Paso,TX,79930
A108821,Nocturnal Aviation,32 North Snake Hill Dr. ,Massapequa Park,NY,11762
A150921,Postise,32 Ridge Street ,Wenatchee,WA,98801
A145621,Abadel,74 Oakwood St. ,East Northport,NY,11731
A179521,Diedel,98 Oakwood Court ,Grosse Pointe,MI,48236
A156421,Yearquote,139 Pumpkin Hill Street ,Coram,NY,11727
A132721,Damcity,514 Hillcrest Circle ,Elmont,NY,11003
A194321,Cloud Technologies,183C East Trout Street ,Macungie,PA,18062
A161721,Kanquote,7 Fairway Dr. ,Fullerton,CA,92831
A134821,Plexzumcon,7565 Virginia Street ,Lorton,VA,22079
A107621,Triocon,9498 N. Lancaster Rd. ,Glenview,IL,60025
A108521,Wikindo,42 Ryan Drive ,Passaic,NJ,07055
A198621,Smarttube,67 Gregory Avenue ,Dothan,AL,36301
A175421,Wentworth Industries,8432 S. Queen Avenue ,Beverly,MA,01915
A118021,Quotemedia,7221 North Carriage Ave. ,Liverpool,NY,13090
A117721,Multi-National United,79 Walt Whitman St. ,Chippewa Falls,WI,54729
A174321,Mystic Foods,8376 Campfire Ave. ,Myrtle Beach,SC,29577
A120721,Duocom,10 Airport Rd. ,Pickerington,OH,43147
A136521,Prosaria,819 North Berkshire Ave. ,Davenport,IA,52804
A159921,"Crane, Poole & Schmidt",193 Lafayette St. ,Stockbridge,GA,30281
A180721,Whitelane,8071 Trenton St. ,Woodhaven,NY,11421
A164721,Concordance Extraction Corporation,662 Alton Dr. ,Mokena,IL,60448
A103121,"Young, Frutt & Berluti",878 South St Paul Dr. ,Toms River,NJ,08753
A193821,Postity,8898 Pacific St. ,Zionsville,IN,46077
A119321,Whiz Security,133 Brook Drive ,Goldsboro,NC,27530
A138121,Corape,523 South Brickyard Street ,Santa Cruz,CA,95060
A148621,Tontechnology,9635 Monroe Lane ,Cantonment,FL,32533
A142421,Vaiadexon,7756 Strawberry Dr. ,Laurel,MD,20707
A197521,Treelab,709 South Boston Dr. ,Ann Arbor,MI,48103
A160821,Betahive,8662 Manhattan Ave. ,Lansdowne,PA,19050
A152821,Skyism,45 Temple Street ,Villa Park,IL,60181
A193521,Robinbar,481 University St. ,Davison,MI,48423
A186121,Ozertech,7328 Chapel Drive ,Jacksonville Beach,FL,32250
A137621,Owl Records,8225 Summerhouse Drive ,Eugene,OR,97402
A151421,Fax-Media,6 Airport Dr. ,Madisonville,KY,42431
A132621,Treedexon,8941C W. Pineknoll Ave. ,Littleton,CO,80123
A123021,Taggart Transcontinental,4 S. Shipley St. ,Jupiter,FL,33458
A175521,Goldustries,7608 Main Road ,Johnson City,TN,37601
A177421,Graystone Industries,7390 East Rockledge Street ,Kalispell,MT,59901
A101921,Unaviain,1 Franklin St. ,Waterloo,IA,50701
A114221,Voyatechnology,6 Wakehurst Court ,Mount Pleasant,SC,29464
A184921,Amosis,9170 Park Street ,Murrells Inlet,SC,29576
A167821,Peach Motors,81 Joy Ridge St. ,Streamwood,IL,60107
A182221,Zoomit,8 Magnolia Lane ,Stoughton,MA,02072
A143521,Suricious,194 6th Ave. ,Mableton,GA,30126
A159821,Sylist,8964 Newport Street ,Billings,MT,59101
A168421,Pearl Networks,25 South Lilac Ave. ,Hudsonville,MI,49426
A167421,Marore,168 Rose Street ,Snohomish,WA,98290
A117521,Lanein,140 South Lane ,Venice,FL,34293
A183321,Herolutions,906 Plymouth Drive ,Osseo,MN,55311
A100721,Circumer,772 Ramblewood Court ,Gastonia,NC,28052
A168121,Pride Acoustics,7463 E. Strawberry Dr. ,Maspeth,NY,11378
A117421,Heminte,364 Lees Creek Street ,Bethpage,NY,11714
A159521,Dugen,829 San Carlos Street ,Shelbyville,TN,37160
A163521,Apondo,576 Monroe Avenue ,Seattle,WA,98144
A154421,Tim Collins & Associates,179 Rocky River Road ,Cantonment,FL,32533
A126621,Sailzone,8279 Nichols St. ,New Windsor,NY,12553
A147221,FrobozzCo International ,8327 Race Dr. ,Lincolnton,NC,28092
A175621,Tonzone,48 Maple Road ,Conyers,GA,30012
A148521,Moondustries,947 Westminster Court ,Severna Park,MD,21146
A163321,Flukords,8959 Snake Hill Ave. ,Neenah,WI,54956
A193921,Goldencore,16 Fairway Rd. ,Monroe,NY,10950
A150121,Polyist,76 High Point Ave. ,Springfield,PA,19064
A153921,Voyaquote,9495 Thompson Lane ,Bemidji,MN,56601
A119721,Ziodex Industries,373 Walnut Dr. ,Shrewsbury,MA,01545
A152121,Saltholdings,5 Pearl Ave. ,Olympia,WA,98512
A141321,Citycane,7424 William Lane ,Riverdale,GA,30274
A145421,Transdox,7144 Tailwater Lane ,Yakima,WA,98908
A117021,Shadecast,9319 High Point Ave. ,Grand Forks,ND,58201
A183921,Luckygate,8887 Beach Ave. ,Prattville,AL,36067
A188221,Spiderpoint,7625 West Central Drive ,Titusville,FL,32780
A109921,Ventobase,212 Harrison St. ,Midland,MI,48640
A196121,Allico,880 Cross Lane ,West Bend,WI,53095
A127521,Jetdew,5 N. Brickell St. ,Burke,VA,22015
A175921,General Services Corporation,929 Bear Hill Drive ,Desoto,TX,75115
A178321,Continental Detective Agency,123 Bridle Street ,Chatsworth,GA,30705
A140021,Skinte,2 Main Dr. ,Round Lake,IL,60073
A131321,Alpinepoint,32 Tanglewood Dr. ,Rosemount,MN,55068
A136021,Vicezu,9781 South Glendale Street ,Chesterfield,VA,23832
A160421,Astrope,37 North Amerige Court ,Greenfield,IN,46140
A128921,Topiary Microsystems,51 Sage St. ,Pataskala,OH,43062
A154021,Equmia,872 Sutor St. ,North Olmsted,OH,44070
A124621,Nemo Softwares,8053 East Ave. ,Twin Falls,ID,83301
A168021,Cryptocee,7261 Squaw Creek Street ,Ithaca,NY,14850
A147821,Ultrazzy,23 Tower Dr. ,El Paso,TX,79930
A192321,Bovism,367 Constitution Lane ,Parsippany,NJ,07054
A127721,Rezunace,9599 Smith Store Dr. ,Flowery Branch,GA,30542
A112921,Rossini Air Line,315 Glenholme Court ,La Crosse,WI,54601
A198221,Hanso Foundation,100 Inverness St. ,Sulphur,LA,70663
A146121,Viking Arms Co. Limited,521 Glendale Court ,Mebane,NC,27302
A197821,Damfase,33 North Oakland Ave. ,Mason City,IA,50401
A158821,Ozerstreet,146 Edgewood St. ,Harrison Township,MI,48045
A199821,Chiefsearch,8800 Surrey Circle ,Howard Beach,NY,11414
A146721,Oceanic Airlines,564 Wellington St. ,Bronx,NY,10451
A101321,Hatch Corp,596 Bank St. ,Garden City,NY,11530
A134321,Altimit Corporation,7091 Deerfield Lane ,Los Banos,CA,93635
A199521,Insulescent,8711 Augusta St. ,Arlington,MA,02474
A165721,Labtex,52 W. Pumpkin Hill Court ,Campbell,CA,95008
A115821,Acerist,21 Big Rock Cove Street ,Wakefield,MA,01880
A143021,Oyombo,7 Oak St. ,Anderson,SC,29621
A132421,Felore,8802 Hanover Dr. ,Alpharetta,GA,30004
A196321,Ridgegold,33 Littleton Drive ,Freeport,NY,11520
A149921,Nightelligence,674 Foxrun Lane ,Wilson,NC,27893
A191921,Pixywood,60 Richardson Drive ,Alabaster,AL,35007
A119921,Amazon Navigations,991 SE. Westport St. ,Cumberland,RI,02864
A150721,Retrolane,986 Southampton Rd. ,Union City,NJ,07087
A121221,Cedism,689 Monroe St. ,Highland,IN,46322
A181121,Unific,529 N. Bay Meadows St. ,Southampton,PA,18966
A167621,Domity,7766 Liberty St. ,Belmont,MA,02478
A108121,Unotouch,15 Amherst Court ,Moses Lake,WA,98837
A129821,Rose Security,55 Jackson Avenue ,Chevy Chase,MD,20815
A166321,The New Firm,565 Brandywine St. ,Ladson,SC,29456
A140621,Daydream Technologies,7328 S. Rocky River Street ,Coventry,RI,02816
A137021,Wonderdream,7730 West Surrey Ave. ,Savage,MN,55378
A173021,"Megatech Body Company, Ltd.",89 Pendergast Street ,Piqua,OH,45356
A103921,Venose,386 Mayfield Street ,Neenah,WI,54956
A146621,Fairiprises,130 Blackburn Drive ,Wethersfield,CT,06109
A106021,Quostrip,61 Hill Field Lane ,Ashburn,VA,20147
A101121,Aqundo,328 West Drive ,Superior,WI,54880
A187521,Cervend,43 Center Ave. ,Hialeah,FL,33010
A110221,Data Systems,9356 S. Whitemarsh Ave. ,New Brunswick,NJ,08901
A133021,Techno Union ,667 N. Cambridge Rd. ,Oak Creek,WI,53154
A130021,Hextech,543 School Street ,Virginia Beach,VA,23451
A133721,Goldmart,439 Euclid St. ,Knoxville,TN,37918
A189421,Dongkix,50 Locust Court ,Palm Beach Gardens,FL,33410
A118721,Stanlane,8344 Woodside St. ,Reidsville,NC,27320
A126121,Flux Sports,749 Wentworth Street ,Rosedale,NY,11422
A177921,Inosis,8459 Inverness Ave. ,Hoffman Estates,IL,60169
A127421,Runlane,108 Henry Smith Lane ,Reno,NV,89523
A163621,Lupity,8898 Redwood St. ,Prior Lake,MN,55372
A113221,Roothead,787 Van Dyke Avenue ,Burbank,IL,60459
A161321,"Slant, Morcombe and Honeyplace",668 Miller Road ,Centereach,NY,11720
A149121,Crystal Aviation,58 Glenridge Street ,Massillon,OH,44646
A144921,Stanhouse,9547 East Oak Ave. ,New Windsor,NY,12553
A146821,Faxstreet,3 Ashley St. ,Inman,SC,29349
A152521,Raptolutions,35 Cedar Rd. ,Union,NJ,07083
A132321,Myicious,6 Blue Spring St. ,Miamisburg,OH,45342
A180221,Phoenixland,18 Applegate Dr. ,Mesa,AZ,85203
A142821,Freecom,998 Buckingham Rd. ,Canton,GA,30114
A153121,Kinholdings,36 Brewery St. ,Ashland,OH,44805
A124321,Gale Systems,193 E. Winding Way St. ,Camp Hill,PA,17011
A151321,Zoofan,568 Columbia Court ,Clinton,MD,20735
A125321,Planethouse,551 Creekside Ave. ,Yakima,WA,98908
A142321,Skalane,263 Bridge Street ,Copperas Cove,TX,76522
A174221,Signetworks,8 South Alderwood Ave. ,Scotch Plains,NJ,07076
A186721,Omega Aviation,83 Third Ave. ,Summerfield,FL,34491
A131621,Villacone,946 Arlington Dr. ,Winter Park,FL,32792
A140221,Inescent,94 Cross Dr. ,Amarillo,TX,79106
A157021,Cavenite,20 Thatcher Drive ,Mount Juliet,TN,37122
A187321,Woodforce,287 Tower Rd. ,Brick,NJ,08723
A157321,Plexphase,9 Hilltop Lane ,Front Royal,VA,22630
A172821,Grotto Industries,9963 White Ave. ,South Richmond Hill,NY,11419
A169521,Golden Road Motors,8821 Pleasant Lane ,Saratoga Springs,NY,12866
A116021,TetraCorp ,8785 Shadow Brook Court ,Feasterville Trevose,PA,19053
A123521,Vision Technologies,74 William St. ,Osseo,MN,55311
A147721,Ultrambo,7219 East Pacific Court ,Columbus,GA,31904
A177021,Tenism,7188 East Ryan Drive ,Medina,OH,44256
A121821,Frostfire Navigations,251 Orange Avenue ,Burbank,IL,60459
A124121,Goodhouse,713 Bridle St. ,Malvern,PA,19355
A159121,Roundtam,145 East Theatre St. ,Appleton,WI,54911
A158121,Aurabooks,990 Hill Field Ave. ,Fairfax,VA,22030
A107521,Nightshadow,926 Pendergast Drive ,Auburndale,FL,33823
A130521,Domend,822 Holly Ave. ,Rahway,NJ,07065
A179321,Cloverleaf Industries,2 Primrose Street ,Fond Du Lac,WI,54935
A116821,Phillips Broadcasting,364 Bay Meadows Avenue ,Stamford,CT,06902
A126321,Quanoodle,953 West Hilltop Ave. ,Murfreesboro,TN,37128
A183221,Esent,7671 Lookout Drive ,Perth Amboy,NJ,08861
A109121,Winterchem,374 Wild Horse Avenue ,Buford,GA,30518
A178021,Cervous,508 W. James Avenue ,Lake Jackson,TX,77566
A134721,The Dharma Initiative,9447 Golf Rd. ,Berwyn,IL,60402
A110821,Demodoo,39 Van Dyke Rd. ,Oswego,NY,13126
A191821,Redair,1 Aspen Ave. ,The Villages,FL,32162
A112021,Carezoom,333 Pine Dr. ,Orland Park,IL,60462
A155421,Archise,819 Brickyard Lane ,Decatur,GA,30030
A113321,Edgars Industries ,7718 Poor House St. ,Douglasville,GA,30134
A155321,Indifix,444 St Paul Street ,Baldwin,NY,11510
A143921,Triodex,7322 Center Street ,Millington,TN,38053
A108421,Motionbooks,57 Prospect St. ,Palos Verdes Peninsula,CA,90274
A100321,Canescent,14 West Pennington Road ,Los Banos,CA,93635
A142621,Electrofix,97 West Morris St. ,Snellville,GA,30039
A103621,Statbase,319 Lookout Court ,Roy,UT,84067
A107921,Dentohigh,8351 Bear Hill Lane ,Kenosha,WI,53140
A122021,Viatechnology,979 Rock Creek Drive ,Easton,PA,18042
A131021,Metado,7 Pheasant St. ,Nottingham,MD,21236
A120121,Cathedral Software,8163 Railroad Drive ,Freehold,NJ,07728
A191021,Quotechnology,15 Nicolls Dr. ,Stockbridge,GA,30281
A147621,Zonis,61 Riverside Ave. ,Buffalo,NY,14215
A190121,Sumoid,175 E. Smoky Hollow St. ,Hartselle,AL,35640
A138721,Fairyhive,9 Ocean Lane ,Virginia Beach,VA,23451
A169721,Podive,7297 Brewery Dr. ,Detroit,MI,48205
A177721,Surgesystems,315 Vermont Drive ,Massapequa Park,NY,11762
A173521,Gnomemobile,8264 Carson St. ,Hilliard,OH,43026
A133821,Ozermedia,112 Glen Ridge Court ,Uniondale,NY,11553
A197621,Antelligence,45 Country Court ,Indianapolis,IN,46201
A130721,Albent,70 Rocky River Ave. ,Wantagh,NY,11793
A141621,Hyperist,55 Arcadia Drive ,Freeport,NY,11520
A172521,Lifeshade,447 College Street ,Hillsboro,OR,97124
A139621,Ravenetworks,7454 N. Manchester St. ,Matawan,NJ,07747
A151621,Basehouse,61 W. Griffin Ave. ,Vista,CA,92083
A174921,Cisoid,7544 Stillwater Rd. ,Chesterfield,VA,23832
A199221,Grand and Son Holdings Limited,67 Beech Ave. ,Saginaw,MI,48601
A167121,Bembee,8636 Ridge St. ,Windsor Mill,MD,21244
A174421,Synible,48 Redwood Lane ,Hackensack,NJ,07601
A165121,Kayend,26 Hilldale Ave. ,Starkville,MS,39759
A143621,Triumph Systems,8545 Wild Rose Court ,Moncks Corner,SC,29461
A156721,Susous,34 S. Glen Creek St. ,Tucker,GA,30084
A178821,Hatholdings,89 Park Ave. ,Marlborough,MA,01752
A124721,Domoid,817 Cardinal Court ,Soddy Daisy,TN,37379
A157221,Lion Microsystems,7202 Clark Ave. ,Palm Bay,FL,32907
A154621,Desertking,91 South Edgefield Court ,Osseo,MN,55311
A148821,Bluetouch,890 Old Nichols Avenue ,Lutherville Timonium,MD,21093
A178721,Fander,73 Orchard Court ,Loganville,GA,30052
A192821,Mediaplex,739 Manor Station Road ,Hialeah,FL,33010
A111621,Nymph Records,9740 Church St. ,Flemington,NJ,08822
A173421,Silverstrip,58 Rocky River St. ,Palmetto,FL,34221
A156221,Diazio,39 Lookout Ave. ,Ellicott City,MD,21042
A184421,Driftonics,55 Westport St. ,Vienna,VA,22180
A139121,Gem Productions,31 SW. Marshall Lane ,Biloxi,MS,39532
A122821,Greenstone,7791 Sunnyslope Street ,Downingtown,PA,19335
A121021,Jayzap,8810 W. Ketch Harbour Street ,Groton,CT,06340
A135321,Muffin Buffalo,467 Princeton Drive ,Ponte Vedra Beach,FL,32082
A185721,Purpleworth,8108 Carriage Drive ,Hobart,IN,46342
A115721,Wikita,7354 Cactus Dr. ,Auburndale,FL,33823
A104321,Tinbase,189 Strawberry Ave. ,Oakland Gardens,NY,11364
A191721,Supercane,8777 Fieldstone Lane ,Lake Worth,FL,33460
A177121,Arcaneworth,423 John St. ,Haines City,FL,33844
A169221,Y-Tech,492 Dunbar Ave. ,Oswego,NY,13126
A144121,Aviloo,51 Fulton St. ,Massapequa Park,NY,11762
A184721,Strategic Naval Research Institute,89 Wild Rose Street ,Georgetown,SC,29440
A183821,Signalland,8842 North Westport St. ,Duluth,GA,30096
A111721,Raptor Enterprises,8781 West Elizabeth Drive ,Fairhope,AL,36532
A123421,Aura Sports,943 Spring Lane ,Hermitage,TN,37076
A160921,Sontech,7 East Grove Rd. ,Alabaster,AL,35007
A149821,Jaytrans,34 Lawrence St. ,Thibodaux,LA,70301
A146521,Retrax,711 Trenton Street ,Deltona,FL,32725
A116321,Lexitechi,8032 Big Rock Cove Ave. ,Bear,DE,19701
A140921,Spriteshine,10 Summit Street ,Eden Prairie,MN,55347
A149721,Tranzim,9260 Galvin Court ,Upland,CA,91784
A143421,Enicious,66 Hillside Drive ,Roy,UT,84067
A181521,Murdock and Nelson,442 Vermont St. ,Santa Cruz,CA,95060
A109521,Shields Pictures,130 Rock Maple Lane ,West Bend,WI,53095
A189121,Padlockurity,472 Gainsway Rd. ,Brainerd,MN,56401
A147521,Silverstones,580 South Brown St. ,Mansfield,MA,02048
A116221,Roncorporation,5 Cedarwood Rd. ,Thomasville,NC,27360
A139421,Overron,440 Hudson Rd. ,Allen Park,MI,48101
A188921,Infralane,836 West Fairway Court ,Melrose,MA,02176
A105021,Gradindo,824 W. Sherwood Drive ,Cumberland,RI,02864
A102521,Hyperescent,230 Trout Rd. ,Uniondale,NY,11553
A154521,Gadgetron Corporation ,9559 Wrangler Avenue ,Ormond Beach,FL,32174
A179921,Albose,71 Poplar Road ,Vienna,VA,22180
A158021,Nirvana Corp.,177 Peachtree Lane ,Groton,CT,06340
A194921,Summit Coms,7 Brown St. ,Merrimack,NH,03054
A190821,Energence,859 Tunnel Drive ,Urbandale,IA,50322
A129621,Vilith,299 8th Court ,Appleton,WI,54911
A115421,Viatouch,9033 West Colonial Ave. ,Mooresville,NC,28115
A116421,Bedo,29 Foxrun Lane ,Severn,MD,21144
A138021,Zero-One Heavy Industry Corporation,195 Wilson Street ,Macungie,PA,18062
A102921,Tanquadjob,516 Rockland St. ,Stoughton,MA,02072
A194421,Cryombo,843 Jockey Hollow Street ,Millville,NJ,08332
A139721,Mediacom,9499 Dogwood Road ,Mentor,OH,44060
A105921,Transose,62 Pennsylvania Drive ,Plainview,NY,11803
A198921,Angelbank,8 Front Avenue ,Sanford,NC,27330
A146321,Planetelectronics,731 Grand Rd. ,Champlin,MN,55316
A198021,Siliconquote,9575 Acacia St. ,Navarre,FL,32566
A160621,Whiteing,888 Hamilton St. ,Monroe Township,NJ,08831
A128721,Euronix,7608 East Birchwood Ave. ,Rockledge,FL,32955
A108321,Mercurtainment,7344 Oakwood Ave. ,Redondo Beach,CA,90278
A165821,Herbshow,895 Parker Rd. ,Saginaw,MI,48601
A184021,Lamtechi,638 Wilson Avenue ,Huntington,NY,11743
A139221,High Tide Industries,737 Sunset Ave. ,Oxon Hill,MD,20745
A112321,Jalane,542 Stonybrook Street ,Zion,IL,60099
A180121,Damstrip,824 Boston Ave. ,Superior,WI,54880
A105621,Lunescent,258 Baker Street ,Westlake,OH,44145
A150521,Lunore,259 South Myers Ave. ,Greenville,NC,27834
A126521,Gorillasearch,435 Jackson Street ,Beckley,WV,25801
A102321,Mathzoom,294 Arlington St. ,Powder Springs,GA,30127
A129921,Saltelectronics,42 Rockaway St. ,Shelton,CT,06484
A178621,Amphita,8536 Mulberry Street ,Carrollton,GA,30117
A198121,Fliva,8816 Old York Drive ,Muskogee,OK,74403
A186821,Waredax,69 Bay Ave. ,San Carlos,CA,94070
A181621,Tempest Foods,977 East Glenholme Road ,Huntley,IL,60142
A142521,Trivee,8930 Big Rock Cove Ave. ,Superior,WI,54880
A104021,Elitelligence,173 Proctor Avenue ,Hartsville,SC,29550
A164121,Coneace,962 Main St. ,Cherry Hill,NJ,08003
A121921,Lot-Techno,766 S. Roehampton Lane ,Salt Lake City,UT,84119
A187121,Falcore,15 Alderwood Street ,Smyrna,GA,30080
A103321,Pedose,65 North Lexington Court ,Hamilton,OH,45011
A112521,Linefax,9894 Lexington Street ,Malvern,PA,19355
A102821,Manutri,7242 South Grant St. ,Maspeth,NY,11378
A137521,Union Aerospace Corporation ,95 Kirkland St. ,Plattsburgh,NY,12901
A110121,Bear Paw ,9575 Campfire Dr. ,Summerfield,FL,34491
A171821,Vaiatrax,8873 Ann Ave. ,Ridgewood,NJ,07450
A131721,Opecone,741 Tailwater Ave. ,Waynesboro,PA,17268
A116921,Sanfix,830 SW. Birchpond Ave. ,Taunton,MA,02780
A106121,Ran-Ware,30 Cottage Street ,Pasadena,MD,21122
A157121,Yeartech,7073 Summerhouse Street ,Flint,MI,48504
A157921,Leopardtechs,8332 Hickory St. ,Valley Stream,NY,11580
A161521,Trueplus,34 Logan Dr. ,Fitchburg,MA,01420
A177521,Lucentware,126 Military Dr. ,Whitestone,NY,11357
A119521,Sheinhardt Wig Company ,32 Wayne St. ,Billerica,MA,01821
A182821,Gizmonic Institute,7847 El Dorado St. ,Chesterfield,VA,23832
A165021,Indigodex,9895 Augusta Lane ,Elizabethton,TN,37643
A158721,Retrombee,248 8th St. ,Thornton,CO,80241
A118821,Cogswell Cogs,9485 Grand Circle ,Princeton,NJ,08540
A128121,The Magic Box,362 Lake View Dr. ,Vernon Rockville,CT,06066
A190721,Dinosecurity,9975 W. Victoria Lane ,Wethersfield,CT,06109
A160221,Conlam,80 Bowman Drive ,Hackettstown,NJ,07840
A161821,Pixelimited,10 Foxrun St. ,Auburndale,FL,33823
A149021,Berrywheels,9572 Myrtle Lane ,Windsor Mill,MD,21244
A117921,Icecaproductions,950 Brown Drive ,Huntsville,AL,35803
A150221,Cliff Technologies,9592 Summer Dr. ,Glendora,CA,91740
A144521,Venture Industries,481 Wood Drive ,Gastonia,NC,28052
A186221,Worldtronics,5 Vermont Dr. ,Chandler,AZ,85224
